123725,3737,2008-04-20T13:15:00.000-07:00,0,1,0.0
134001,1693,2007-06-30T15:55:00.000-07:00,77,272,0.283
134001,1052,2007-05-14T19:10:00.000-07:00,43,165,0.261
134001,1111,2007-05-18T19:10:00.000-07:00,47,174,0.27
134001,1180,2007-05-23T19:35:00.000-07:00,54,190,0.284
134001,1281,2007-05-30T19:10:00.000-07:00,62,209,0.297
134001,1505,2007-06-16T13:05:00.000-07:00,73,254,0.287
134001,1562,2007-06-20T19:10:00.000-07:00,76,266,0.286
134001,1678,2007-06-29T19:05:00.000-07:00,75,268,0.28
134001,1753,2007-07-04T18:05:00.000-07:00,78,275,0.284
134001,1993,2007-07-24T19:10:00.000-07:00,72,271,0.266
134001,2009,2007-07-25T19:10:00.000-07:00,74,275,0.269
134001,2624,2007-09-08T13:10:00.000-07:00,51,219,0.233
134001,2753,2007-09-17T19:05:00.000-07:00,52,220,0.236
134001,2769,2007-09-18T19:05:00.000-07:00,52,220,0.236
134001,2797,2007-09-20T19:05:00.000-07:00,52,217,0.24
134001,2810,2007-09-21T19:05:00.000-07:00,56,219,0.256
134001,311,2007-03-20T19:10:00.000-07:00,6,33,0.182
134001,3371,2008-03-24T13:05:00.000-07:00,3,9,0.333
134001,3410,2008-03-26T13:05:00.000-07:00,4,13,0.308
134001,3470,2008-03-31T15:05:00.000-07:00,6,21,0.286
134001,3578,2008-04-09T19:10:00.000-07:00,11,40,0.275
134001,3592,2008-04-10T19:10:00.000-07:00,12,44,0.273
134001,4538,2008-06-17T19:10:00.000-07:00,16,66,0.242
134001,4729,2008-07-01T19:10:00.000-07:00,21,86,0.244
134001,4933,2008-07-19T19:00:00.000-07:00,19,80,0.238
134001,5420,2008-08-24T13:10:00.000-07:00,26,98,0.265
134001,5523,2008-09-01T13:10:00.000-07:00,28,110,0.255
134001,748,2007-04-22T13:10:00.000-07:00,24,106,0.226
134001,76,2007-03-05T13:10:00.000-08:00,1,7,0.143
134001,9374,2010-03-28T13:05:00.000-07:00,6,26,0.231
134001,1398,2007-06-08T19:05:00.000-07:00,68,236,0.288
134001,1820,2007-07-12T19:10:00.000-07:00,73,271,0.269
134001,490,2007-04-01T19:05:00.000-07:00,13,58,0.224
134001,5043,2008-07-27T13:10:00.000-07:00,23,96,0.24
134001,4976,2008-07-22T19:15:00.000-07:00,20,82,0.244
134001,1534,2007-06-18T19:10:00.000-07:00,75,258,0.291
134001,2840,2007-09-23T13:05:00.000-07:00,56,219,0.256
134001,2852,2007-09-24T19:10:00.000-07:00,57,219,0.26
134001,50,2007-03-03T13:10:00.000-08:00,0,6,0.0
134001,509,2007-04-03T19:10:00.000-07:00,13,62,0.21
134001,700,2007-04-18T19:05:00.000-07:00,22,97,0.227
134001,9047,2010-03-06T13:10:00.000-08:00,1,6,0.167
134001,1014,2007-05-11T19:10:00.000-07:00,42,158,0.266
134001,1029,2007-05-12T13:10:00.000-07:00,42,161,0.261
134001,1078,2007-05-16T19:10:00.000-07:00,45,171,0.263
134001,1127,2007-05-19T15:55:00.000-07:00,47,179,0.263
134001,1142,2007-05-20T20:05:00.000-07:00,49,183,0.268
134001,1165,2007-05-22T19:35:00.000-07:00,52,187,0.278
134001,1191,2007-05-24T19:37:00.000-07:00,55,194,0.284
134001,1204,2007-05-25T19:05:00.000-07:00,59,199,0.296
134001,122,2007-03-08T13:10:00.000-08:00,2,13,0.154
134001,1266,2007-05-29T19:10:00.000-07:00,60,205,0.293
134001,1324,2007-06-03T13:10:00.000-07:00,62,218,0.284
134001,1428,2007-06-10T13:05:00.000-07:00,70,243,0.288
134001,1438,2007-06-11T19:10:00.000-07:00,71,247,0.287
134001,1448,2007-06-12T19:10:00.000-07:00,71,246,0.289
134001,1463,2007-06-13T19:10:00.000-07:00,72,250,0.288
134001,1490,2007-06-15T19:05:00.000-07:00,70,249,0.281
134001,1547,2007-06-19T19:10:00.000-07:00,75,262,0.286
134001,1585,2007-06-22T19:10:00.000-07:00,75,262,0.286
134001,1615,2007-06-24T13:10:00.000-07:00,75,265,0.283
134001,1641,2007-06-26T19:10:00.000-07:00,76,271,0.28
134001,1723,2007-07-02T19:05:00.000-07:00,77,275,0.28
134001,1907,2007-07-18T19:05:00.000-07:00,71,274,0.259
134001,1934,2007-07-20T19:40:00.000-07:00,70,274,0.255
134001,201,2007-03-12T13:05:00.000-07:00,2,17,0.118
134001,2041,2007-07-27T19:10:00.000-07:00,75,279,0.269
134001,2058,2007-07-28T19:10:00.000-07:00,76,277,0.274
134001,2190,2007-08-08T19:10:00.000-07:00,73,262,0.279
134001,2495,2007-08-29T19:05:00.000-07:00,56,220,0.255
134001,2506,2007-08-30T13:05:00.000-07:00,56,221,0.253
134001,2534,2007-09-01T15:55:00.000-07:00,53,221,0.24
134001,2663,2007-09-11T19:10:00.000-07:00,54,222,0.243
134001,2741,2007-09-16T13:10:00.000-07:00,52,221,0.235
134001,2784,2007-09-19T19:05:00.000-07:00,52,217,0.24
134001,280,2007-03-17T13:10:00.000-07:00,4,26,0.154
134001,2883,2007-09-26T19:10:00.000-07:00,56,219,0.256
134001,2894,2007-09-27T19:10:00.000-07:00,54,217,0.249
134001,2902,2007-09-28T19:10:00.000-07:00,54,216,0.25
134001,291,2007-03-18T13:05:00.000-07:00,4,30,0.133
134001,3339,2008-03-21T13:10:00.000-07:00,1,3,0.333
134001,3454,2008-03-30T20:05:00.000-07:00,5,17,0.294
134001,3503,2008-04-03T13:05:00.000-07:00,6,26,0.231
134001,3614,2008-04-12T13:05:00.000-07:00,12,47,0.255
134001,3629,2008-04-13T13:35:00.000-07:00,12,49,0.245
134001,3912,2008-05-03T13:05:00.000-07:00,14,53,0.264
134001,4593,2008-06-21T19:10:00.000-07:00,17,74,0.23
134001,4608,2008-06-22T13:35:00.000-07:00,17,75,0.227
134001,466,2007-03-30T13:10:00.000-07:00,10,51,0.196
134001,4674,2008-06-28T19:10:00.000-07:00,18,80,0.225
134001,4770,2008-07-04T13:15:00.000-07:00,21,86,0.244
134001,4800,2008-07-06T13:15:00.000-07:00,20,86,0.233
134001,4841,2008-07-10T19:10:00.000-07:00,18,81,0.222
134001,4891,2008-07-13T13:35:00.000-07:00,21,84,0.25
134001,4918,2008-07-18T19:30:00.000-07:00,18,79,0.228
134001,4948,2008-07-20T13:30:00.000-07:00,19,82,0.232
134001,4991,2008-07-23T19:15:00.000-07:00,22,84,0.262
134001,4998,2008-07-24T12:45:00.000-07:00,22,87,0.253
134001,5013,2008-07-25T19:40:00.000-07:00,23,90,0.256
134001,5028,2008-07-26T19:10:00.000-07:00,23,93,0.247
134001,5068,2008-07-29T19:10:00.000-07:00,24,98,0.245
134001,5083,2008-07-30T19:10:00.000-07:00,24,102,0.235
134001,5390,2008-08-22T18:40:00.000-07:00,25,97,0.258
134001,5486,2008-08-29T19:10:00.000-07:00,26,106,0.245
134001,5629,2008-09-09T19:05:00.000-07:00,29,114,0.254
134001,5883,2008-09-27T13:10:00.000-07:00,30,115,0.261
134001,612,2007-04-11T19:10:00.000-07:00,21,83,0.253
134001,639,2007-04-13T19:10:00.000-07:00,22,91,0.242
134001,718,2007-04-20T19:10:00.000-07:00,22,101,0.218
134001,765,2007-04-23T19:10:00.000-07:00,25,111,0.225
134001,825,2007-04-27T19:05:00.000-07:00,27,120,0.225
134001,840,2007-04-28T19:05:00.000-07:00,27,124,0.218
134001,863,2007-04-30T19:10:00.000-07:00,29,129,0.225
134001,915,2007-05-04T18:40:00.000-07:00,34,140,0.243
134001,968,2007-05-08T19:15:00.000-07:00,39,151,0.258
134001,99,2007-03-06T13:05:00.000-08:00,2,11,0.182
134001,2465,2007-08-27T19:05:00.000-07:00,57,222,0.257
134001,1291,2007-05-31T19:10:00.000-07:00,62,213,0.291
134001,1626,2007-06-25T19:10:00.000-07:00,75,269,0.279
134001,1798,2007-07-07T18:05:00.000-07:00,76,277,0.274
134001,1892,2007-07-17T19:05:00.000-07:00,70,270,0.259
134001,2234,2007-08-11T19:10:00.000-07:00,71,259,0.274
134001,2480,2007-08-28T19:05:00.000-07:00,57,221,0.258
134001,2609,2007-09-07T19:10:00.000-07:00,52,220,0.236
134001,2726,2007-09-15T13:10:00.000-07:00,54,223,0.242
134001,3552,2008-04-07T19:10:00.000-07:00,10,36,0.278
134001,4744,2008-07-02T12:10:00.000-07:00,22,86,0.256
134001,586,2007-04-09T13:10:00.000-07:00,21,79,0.266
134001,1063,2007-05-15T19:10:00.000-07:00,44,169,0.26
134001,1294,2007-06-01T19:10:00.000-07:00,62,216,0.287
134001,1375,2007-06-06T19:10:00.000-07:00,64,227,0.282
134001,1387,2007-06-07T19:10:00.000-07:00,66,232,0.284
134001,1413,2007-06-09T15:55:00.000-07:00,70,238,0.294
134001,1520,2007-06-17T20:05:00.000-07:00,73,253,0.289
134001,1600,2007-06-23T19:10:00.000-07:00,75,264,0.284
134001,1708,2007-07-01T13:35:00.000-07:00,77,271,0.284
134001,1826,2007-07-13T19:10:00.000-07:00,73,271,0.269
134001,1841,2007-07-14T19:30:00.000-07:00,72,271,0.266
134001,1877,2007-07-16T19:05:00.000-07:00,70,270,0.259
134001,1965,2007-07-22T13:10:00.000-07:00,70,271,0.258
134001,2023,2007-07-26T12:10:00.000-07:00,74,276,0.268
134001,215,2007-03-13T13:05:00.000-07:00,3,20,0.15
134001,2161,2007-08-05T19:05:00.000-07:00,73,263,0.278
134001,236,2007-03-15T19:10:00.000-07:00,4,23,0.174
134001,2519,2007-08-31T19:35:00.000-07:00,54,220,0.245
134001,2549,2007-09-02T13:05:00.000-07:00,53,221,0.24
134001,2562,2007-09-03T13:15:00.000-07:00,49,219,0.224
134001,2577,2007-09-04T19:10:00.000-07:00,51,221,0.231
134001,2639,2007-09-09T13:10:00.000-07:00,52,219,0.237
134001,2651,2007-09-10T19:10:00.000-07:00,53,219,0.242
134001,2679,2007-09-12T19:10:00.000-07:00,55,224,0.246
134001,2710,2007-09-14T19:10:00.000-07:00,53,223,0.238
134001,2932,2007-09-30T13:10:00.000-07:00,53,213,0.249
134001,3367,2008-03-23T13:05:00.000-07:00,1,6,0.167
134001,345,2007-03-22T13:05:00.000-07:00,7,37,0.189
134001,3493,2008-04-02T19:05:00.000-07:00,6,25,0.24
134001,3518,2008-04-04T19:15:00.000-07:00,7,29,0.241
134001,3548,2008-04-06T13:15:00.000-07:00,8,32,0.25
134001,368,2007-03-24T13:10:00.000-07:00,8,40,0.2
134001,3927,2008-05-04T13:35:00.000-07:00,15,57,0.263
134001,3956,2008-05-06T19:05:00.000-07:00,15,61,0.246
134001,3971,2008-05-07T19:05:00.000-07:00,15,63,0.238
134001,405,2007-03-26T19:10:00.000-07:00,9,44,0.205
134001,430,2007-03-28T13:10:00.000-07:00,10,48,0.208
134001,4689,2008-06-29T13:35:00.000-07:00,18,81,0.222
134001,4714,2008-06-30T19:10:00.000-07:00,19,82,0.232
134001,4826,2008-07-09T19:10:00.000-07:00,19,84,0.226
134001,4876,2008-07-12T19:10:00.000-07:00,20,81,0.247
134001,5,2007-02-28T13:10:00.000-08:00,0,2,0.0
134001,522,2007-04-04T19:10:00.000-07:00,16,66,0.242
134001,543,2007-04-06T19:35:00.000-07:00,19,71,0.268
134001,5462,2008-08-27T19:00:00.000-07:00,26,102,0.255
134001,558,2007-04-07T15:55:00.000-07:00,20,75,0.267
134001,5592,2008-09-06T18:15:00.000-07:00,29,113,0.257
134001,5645,2008-09-10T16:05:00.000-07:00,29,118,0.246
134001,777,2007-04-24T19:10:00.000-07:00,26,116,0.224
134001,903,2007-05-03T18:40:00.000-07:00,32,136,0.235
134001,930,2007-05-05T18:40:00.000-07:00,35,143,0.245
134001,957,2007-05-07T19:15:00.000-07:00,36,147,0.245
134001,983,2007-05-09T12:35:00.000-07:00,41,155,0.265
134001,1949,2007-07-21T12:55:00.000-07:00,70,271,0.258
134001,2867,2007-09-25T19:10:00.000-07:00,55,216,0.255
134001,4553,2008-06-18T19:10:00.000-07:00,16,70,0.229
134001,9070,2010-03-08T13:05:00.000-08:00,2,8,0.25
134001,9103,2010-03-10T13:10:00.000-08:00,2,11,0.182
134001,9178,2010-03-15T13:10:00.000-07:00,4,19,0.211
134001,485,2007-03-31T13:05:00.000-07:00,11,53,0.208
134001,9010,2010-03-04T13:05:00.000-08:00,1,3,0.333
134001,9139,2010-03-12T13:10:00.000-08:00,3,13,0.231
134001,9144,2010-03-13T13:05:00.000-08:00,3,16,0.188
134001,9208,2010-03-17T13:10:00.000-07:00,4,20,0.2
134001,9242,2010-03-19T13:10:00.000-07:00,4,21,0.19
134001,9416,2010-03-31T13:10:00.000-07:00,6,27,0.222
134001,1219,2007-05-26T19:05:00.000-07:00,60,202,0.297
134001,621,2007-04-12T19:10:00.000-07:00,22,87,0.253
134001,1360,2007-06-05T19:10:00.000-07:00,64,223,0.287
134001,2175,2007-08-07T19:10:00.000-07:00,72,258,0.279
134001,389,2007-03-25T13:10:00.000-07:00,8,42,0.19
134001,4610,2008-06-23T19:10:00.000-07:00,17,76,0.224
134001,5378,2008-08-21T12:45:00.000-07:00,23,93,0.247
134001,9324,2010-03-25T13:10:00.000-07:00,5,23,0.217
134001,5326,2008-08-17T13:10:00.000-07:00,21,89,0.236
134001,5366,2008-08-20T19:15:00.000-07:00,23,92,0.25
134001,5577,2008-09-05T19:15:00.000-07:00,29,112,0.259
134001,875,2007-05-01T19:10:00.000-07:00,31,133,0.233
134001,2219,2007-08-10T19:10:00.000-07:00,71,256,0.277
134001,3440,2008-03-29T18:00:00.000-07:00,5,14,0.357
134001,3897,2008-05-02T19:35:00.000-07:00,13,50,0.26
134001,5535,2008-09-02T19:10:00.000-07:00,29,111,0.261
134001,5678,2008-09-12T19:10:00.000-07:00,30,119,0.252
134001,5828,2008-09-23T19:10:00.000-07:00,31,120,0.258
134001,9303,2010-03-23T13:10:00.000-07:00,5,22,0.227
134001,5868,2008-09-26T19:10:00.000-07:00,30,118,0.254
134001,685,2007-04-17T19:05:00.000-07:00,22,92,0.239
150197,120,2007-03-07T13:05:00.000-08:00,0,6,0.0
150197,154,2007-03-09T13:05:00.000-08:00,0,9,0.0
150197,164,2007-03-10T13:05:00.000-08:00,0,10,0.0
150197,44,2007-03-03T13:05:00.000-08:00,0,1,0.0
150197,63,2007-03-04T13:05:00.000-08:00,0,2,0.0
150197,232,2007-03-14T13:05:00.000-07:00,2,13,0.154
150197,249,2007-03-15T19:05:00.000-07:00,3,17,0.176
150197,3026,2008-03-01T13:05:00.000-08:00,1,2,0.5
150197,3046,2008-03-02T13:05:00.000-08:00,1,3,0.333
150197,3124,2008-03-07T13:05:00.000-08:00,1,5,0.2
150197,88,2007-03-05T13:05:00.000-08:00,0,4,0.0
150197,128,2007-03-08T13:05:00.000-08:00,0,7,0.0
150197,3075,2008-03-04T13:05:00.000-08:00,1,4,0.25
150197,190,2007-03-11T13:05:00.000-07:00,2,12,0.167
150197,2977,2008-02-27T12:05:00.000-08:00,1,1,1.0
434583,281,2007-03-18T13:05:00.000-07:00,5,24,0.208
434583,2438,2007-08-25T19:10:00.000-07:00,2,12,0.167
434583,185,2007-03-11T13:05:00.000-07:00,4,17,0.235
434583,9294,2010-03-22T13:05:00.000-07:00,4,23,0.174
434583,113,2007-03-07T13:05:00.000-08:00,3,12,0.25
434583,165,2007-03-10T13:05:00.000-08:00,3,14,0.214
434583,202,2007-03-12T13:05:00.000-07:00,4,21,0.19
434583,21,2007-03-01T13:05:00.000-08:00,0,1,0.0
434583,2407,2007-08-23T19:10:00.000-07:00,1,9,0.111
434583,45,2007-03-03T13:05:00.000-08:00,1,5,0.2
434583,5955,2009-02-25T13:05:00.000-08:00,0,2,0.0
434583,6176,2009-03-12T13:05:00.000-07:00,2,6,0.333
434583,82,2007-03-05T13:05:00.000-08:00,2,7,0.286
434583,12029,2011-03-02T13:05:00.000-08:00,0,4,0.0
434583,12076,2011-03-05T13:05:00.000-08:00,0,6,0.0
434583,12134,2011-03-08T13:05:00.000-08:00,0,10,0.0
434583,12189,2011-03-11T13:05:00.000-08:00,1,12,0.083
434583,9008,2010-03-04T13:05:00.000-08:00,0,3,0.0
434583,9064,2010-03-07T13:05:00.000-08:00,0,6,0.0
434583,9078,2010-03-08T13:05:00.000-08:00,1,8,0.125
434583,9096,2010-03-09T13:05:00.000-08:00,1,10,0.1
434583,9111,2010-03-10T13:05:00.000-08:00,1,11,0.091
434583,9128,2010-03-11T13:05:00.000-08:00,3,15,0.2
434583,9174,2010-03-14T13:05:00.000-07:00,3,16,0.188
434583,1509,2007-06-16T18:05:00.000-07:00,3,16,0.188
434583,12010,2011-03-01T13:05:00.000-08:00,0,3,0.0
434583,12117,2011-03-07T13:05:00.000-08:00,0,8,0.0
434583,149,2007-03-09T13:05:00.000-08:00,3,13,0.231
434583,491,2007-04-01T13:05:00.000-07:00,6,27,0.222
434583,6157,2009-03-11T13:05:00.000-07:00,2,5,0.4
434583,6207,2009-03-14T13:05:00.000-07:00,2,7,0.286
434583,216,2007-03-13T19:05:00.000-07:00,4,22,0.182
434583,12099,2011-03-06T13:05:00.000-08:00,0,7,0.0
434583,12493,2011-03-29T13:05:00.000-07:00,2,15,0.133
434583,9006,2010-03-03T13:05:00.000-08:00,0,2,0.0
434583,9229,2010-03-18T19:05:00.000-07:00,3,17,0.176
434583,9305,2010-03-23T13:05:00.000-07:00,4,24,0.167
434583,11976,2011-02-27T13:05:00.000-08:00,0,2,0.0
434583,2151,2007-08-05T13:05:00.000-07:00,0,5,0.0
434583,9257,2010-03-20T13:05:00.000-07:00,3,21,0.143
434583,12230,2011-03-13T13:05:00.000-07:00,2,13,0.154
434583,2453,2007-08-26T13:40:00.000-07:00,3,15,0.2
434583,33,2007-03-02T13:05:00.000-08:00,1,2,0.5
434583,6083,2009-03-05T12:05:00.000-08:00,1,3,0.333
434583,6126,2009-03-08T13:05:00.000-07:00,2,4,0.5
434583,2911,2007-09-29T13:05:00.000-07:00,3,16,0.188
434583,9035,2010-03-05T13:05:00.000-08:00,0,4,0.0
434583,9042,2010-03-06T13:05:00.000-08:00,0,5,0.0
434583,9277,2010-03-21T13:05:00.000-07:00,3,22,0.136
434583,272,2007-03-17T13:05:00.000-07:00,5,23,0.217
448645,396,2007-03-25T13:05:00.000-07:00,1,3,0.333
452759,365,2007-03-24T13:05:00.000-07:00,0,1,0.0
453311,1016,2007-05-11T19:05:00.000-07:00,0,5,0.0
453311,10539,2010-06-22T19:05:00.000-07:00,3,34,0.088
453311,11107,2010-08-05T19:10:00.000-07:00,2,43,0.047
453311,11948,2010-10-27T16:30:00.000-07:00,2,35,0.057
453311,13010,2011-05-04T19:10:00.000-07:00,1,20,0.05
453311,4895,2008-07-13T13:20:00.000-07:00,6,38,0.158
453311,1469,2007-06-13T12:35:00.000-07:00,1,14,0.071
453311,5397,2008-08-22T19:15:00.000-07:00,6,41,0.146
453311,7366,2009-06-07T17:05:00.000-07:00,4,29,0.138
453311,1801,2007-07-07T18:15:00.000-07:00,2,21,0.095
453311,10100,2010-05-20T18:40:00.000-07:00,3,22,0.136
453311,5689,2008-09-13T19:05:00.000-07:00,6,40,0.15
453311,947,2007-05-06T17:05:00.000-07:00,0,3,0.0
453311,4077,2008-05-15T12:45:00.000-07:00,4,18,0.222
453311,4249,2008-05-27T18:40:00.000-07:00,5,24,0.208
453311,4389,2008-06-06T19:35:00.000-07:00,5,29,0.172
453311,5615,2008-09-08T19:15:00.000-07:00,6,39,0.154
453311,7295,2009-06-02T19:05:00.000-07:00,3,25,0.12
453311,10334,2010-06-06T13:35:00.000-07:00,3,26,0.115
453311,10812,2010-07-15T19:15:00.000-07:00,5,41,0.122
453311,10957,2010-07-25T13:10:00.000-07:00,5,44,0.114
453311,11562,2010-09-07T18:40:00.000-07:00,3,40,0.075
453311,1879,2007-07-16T18:05:00.000-07:00,2,23,0.087
453311,2174,2007-08-06T19:15:00.000-07:00,3,31,0.097
453311,2371,2007-08-21T19:15:00.000-07:00,3,34,0.088
453311,4012,2008-05-10T13:05:00.000-07:00,4,15,0.267
453311,4151,2008-05-20T18:35:00.000-07:00,5,21,0.238
453311,12515,2011-03-31T17:00:00.000-07:00,0,6,0.0
453311,5258,2008-08-12T19:05:00.000-07:00,6,41,0.146
453311,8439,2009-08-28T19:15:00.000-07:00,6,40,0.15
453311,9489,2010-04-05T18:05:00.000-07:00,0,2,0.0
453311,9555,2010-04-11T13:05:00.000-07:00,0,4,0.0
453311,9725,2010-04-23T19:15:00.000-07:00,3,11,0.273
453311,9946,2010-05-09T13:10:00.000-07:00,3,17,0.176
453311,1162,2007-05-22T19:15:00.000-07:00,0,10,0.0
453311,1625,2007-06-25T19:15:00.000-07:00,1,16,0.063
453311,1702,2007-07-01T13:05:00.000-07:00,1,19,0.053
453311,1952,2007-07-21T14:55:00.000-07:00,2,26,0.077
453311,2240,2007-08-11T12:55:00.000-07:00,3,33,0.091
453311,3641,2008-04-13T13:05:00.000-07:00,2,5,0.4
453311,3722,2008-04-19T12:10:00.000-07:00,2,6,0.333
453311,4455,2008-06-11T19:05:00.000-07:00,5,31,0.161
453311,4746,2008-07-03T16:05:00.000-07:00,6,35,0.171
453311,4822,2008-07-08T19:10:00.000-07:00,6,36,0.167
453311,5333,2008-08-17T13:30:00.000-07:00,6,42,0.143
453311,5547,2008-09-02T18:35:00.000-07:00,5,38,0.132
453311,5764,2008-09-18T18:40:00.000-07:00,6,40,0.15
453311,6666,2009-04-18T13:05:00.000-07:00,1,8,0.125
453311,6909,2009-05-05T13:20:00.000-07:00,2,17,0.118
453311,6980,2009-05-10T13:10:00.000-07:00,2,18,0.111
453311,7129,2009-05-21T19:05:00.000-07:00,3,22,0.136
453311,7432,2009-06-12T19:15:00.000-07:00,5,32,0.156
453311,7658,2009-06-29T19:15:00.000-07:00,6,36,0.167
453311,11472,2010-09-01T18:15:00.000-07:00,3,37,0.081
453311,2650,2007-09-10T19:15:00.000-07:00,3,30,0.1
453311,8007,2009-07-27T19:15:00.000-07:00,6,41,0.146
453311,10016,2010-05-15T13:10:00.000-07:00,3,20,0.15
453311,10395,2010-06-11T19:15:00.000-07:00,3,29,0.103
453311,10453,2010-06-16T12:45:00.000-07:00,3,31,0.097
453311,10749,2010-07-07T19:10:00.000-07:00,4,39,0.103
453311,11021,2010-07-30T19:15:00.000-07:00,2,43,0.047
453311,11326,2010-08-21T18:15:00.000-07:00,2,39,0.051
453311,11938,2010-10-16T19:30:00.000-07:00,3,33,0.091
453311,11945,2010-10-21T16:30:00.000-07:00,3,35,0.086
453311,12191,2011-03-11T19:15:00.000-08:00,0,3,0.0
453311,12592,2011-04-06T15:35:00.000-07:00,0,8,0.0
453311,12670,2011-04-12T19:15:00.000-07:00,0,9,0.0
453311,12764,2011-04-18T18:40:00.000-07:00,0,13,0.0
453311,12929,2011-04-29T19:05:00.000-07:00,1,17,0.059
453311,13406,2011-06-01T19:15:00.000-07:00,2,31,0.065
453311,7939,2009-07-22T19:00:00.000-07:00,6,38,0.158
453311,8153,2009-08-07T19:15:00.000-07:00,7,39,0.179
453311,8310,2009-08-18T19:10:00.000-07:00,7,38,0.184
453311,8381,2009-08-23T13:10:00.000-07:00,7,40,0.175
453311,8769,2009-09-20T13:10:00.000-07:00,5,35,0.143
453311,9337,2010-03-26T13:05:00.000-07:00,0,1,0.0
453311,9874,2010-05-04T19:10:00.000-07:00,3,15,0.2
453311,5461,2008-08-27T19:15:00.000-07:00,6,39,0.154
453311,10677,2010-07-02T18:10:00.000-07:00,3,36,0.083
453311,12828,2011-04-23T13:10:00.000-07:00,1,15,0.067
453311,13248,2011-05-21T16:10:00.000-07:00,1,26,0.038
453311,11396,2010-08-27T19:15:00.000-07:00,3,37,0.081
453311,11786,2010-09-24T18:10:00.000-07:00,4,37,0.108
453311,11924,2010-10-07T18:30:00.000-07:00,4,36,0.111
453311,12432,2011-03-26T15:10:00.000-07:00,0,4,0.0
453311,13176,2011-05-16T18:40:00.000-07:00,1,23,0.043
453311,1336,2007-06-03T13:35:00.000-07:00,0,13,0.0
453311,2014,2007-07-26T16:05:00.000-07:00,2,27,0.074
453311,2105,2007-08-01T19:10:00.000-07:00,2,28,0.071
453311,3569,2008-04-08T19:15:00.000-07:00,1,3,0.333
453311,3930,2008-05-04T13:35:00.000-07:00,3,11,0.273
453311,6472,2009-04-02T19:15:00.000-07:00,0,3,0.0
453311,6819,2009-04-29T19:15:00.000-07:00,2,15,0.133
453311,7044,2009-05-15T19:15:00.000-07:00,3,20,0.15
453311,7192,2009-05-26T19:15:00.000-07:00,3,23,0.13
453311,7484,2009-06-17T12:45:00.000-07:00,5,33,0.152
453311,8079,2009-08-01T18:05:00.000-07:00,7,41,0.171
453311,8223,2009-08-12T12:45:00.000-07:00,7,38,0.184
453311,9794,2010-04-28T12:45:00.000-07:00,3,13,0.231
453311,11629,2010-09-12T13:05:00.000-07:00,4,41,0.098
453311,13331,2011-05-27T19:10:00.000-07:00,2,29,0.069
453311,2743,2007-09-16T13:05:00.000-07:00,4,31,0.129
453311,3489,2008-04-02T19:10:00.000-07:00,1,2,0.5
453311,3851,2008-04-29T19:15:00.000-07:00,3,10,0.3
453311,5110,2008-08-01T19:05:00.000-07:00,6,40,0.15
453311,6527,2009-04-07T13:05:00.000-07:00,1,4,0.25
453311,6749,2009-04-24T18:40:00.000-07:00,2,12,0.167
453311,7793,2009-07-09T19:15:00.000-07:00,7,39,0.179
453311,8825,2009-09-25T19:15:00.000-07:00,5,34,0.147
453311,9645,2010-04-17T13:10:00.000-07:00,3,8,0.375
453311,10244,2010-05-31T13:05:00.000-07:00,3,23,0.13
453311,10885,2010-07-20T19:10:00.000-07:00,5,43,0.116
453311,1101,2007-05-17T19:05:00.000-07:00,0,7,0.0
453311,116,2007-03-07T13:05:00.000-08:00,0,1,0.0
453311,11846,2010-09-29T19:15:00.000-07:00,4,37,0.108
453311,12000,2011-03-01T13:05:00.000-08:00,0,1,0.0
453311,1266,2007-05-29T19:10:00.000-07:00,0,12,0.0
453311,13082,2011-05-10T19:15:00.000-07:00,1,22,0.045
453311,1551,2007-06-19T19:05:00.000-07:00,1,14,0.071
453311,2309,2007-08-16T19:35:00.000-07:00,3,33,0.091
453311,2450,2007-08-26T13:05:00.000-07:00,3,33,0.091
453311,3436,2008-03-28T19:15:00.000-07:00,0,1,0.0
453311,3792,2008-04-24T19:05:00.000-07:00,2,8,0.25
453311,4320,2008-06-01T13:05:00.000-07:00,5,26,0.192
453311,4521,2008-06-16T19:15:00.000-07:00,5,33,0.152
453311,4940,2008-07-20T13:05:00.000-07:00,6,39,0.154
453311,5015,2008-07-26T18:05:00.000-07:00,5,39,0.128
453311,5168,2008-08-06T12:45:00.000-07:00,6,41,0.146
453311,5900,2008-09-28T13:05:00.000-07:00,6,38,0.158
453311,6334,2009-03-23T13:05:00.000-07:00,0,2,0.0
453311,6598,2009-04-12T13:05:00.000-07:00,1,6,0.167
453311,7720,2009-07-04T13:05:00.000-07:00,6,36,0.167
453311,7866,2009-07-17T19:05:00.000-07:00,6,39,0.154
453311,8533,2009-09-03T19:05:00.000-07:00,6,40,0.15
453311,8909,2009-10-01T12:45:00.000-07:00,5,36,0.139
453311,13470,2011-06-06T19:15:00.000-07:00,2,32,0.063
453311,13533,2011-06-11T13:10:00.000-07:00,2,32,0.063
453311,13696,2011-06-23T12:45:00.000-07:00,2,31,0.065
453311,13778,2011-06-29T19:05:00.000-07:00,2,33,0.061
453311,13918,2011-07-09T18:05:00.000-07:00,2,33,0.061
453311,13959,2011-07-15T19:05:00.000-07:00,3,32,0.094
453311,14026,2011-07-20T12:45:00.000-07:00,3,32,0.094
453311,14140,2011-07-28T19:05:00.000-07:00,4,29,0.138
453311,14198,2011-08-02T19:15:00.000-07:00,3,29,0.103
453311,14277,2011-08-07T13:05:00.000-07:00,3,31,0.097
453311,14359,2011-08-13T19:10:00.000-07:00,3,28,0.107
453311,14427,2011-08-18T19:10:00.000-07:00,3,30,0.1
453311,14514,2011-08-24T19:15:00.000-07:00,4,31,0.129
453311,14572,2011-08-29T19:15:00.000-07:00,4,32,0.125
453311,14637,2011-09-03T18:05:00.000-07:00,4,31,0.129
453311,14727,2011-09-09T19:15:00.000-07:00,3,30,0.1
453311,14799,2011-09-14T12:45:00.000-07:00,3,30,0.1
453311,14876,2011-09-20T19:10:00.000-07:00,3,30,0.1
453311,14947,2011-09-25T13:10:00.000-07:00,3,32,0.094
453311,176187,2012-04-11T18:40:00.000-07:00,0,4,0.0
453311,175972,2012-03-27T13:05:00.000-07:00,0,1,0.0
453311,176255,2012-04-16T19:15:00.000-07:00,0,6,0.0
453311,176431,2012-04-28T18:05:00.000-07:00,1,9,0.111
453311,176514,2012-05-04T19:15:00.000-07:00,1,10,0.1
453311,176117,2012-04-06T16:10:00.000-07:00,0,3,0.0
453311,176359,2012-04-23T16:10:00.000-07:00,0,7,0.0
453311,176673,2012-05-15T19:15:00.000-07:00,2,13,0.154
453311,176760,2012-05-20T13:05:00.000-07:00,2,14,0.143
453311,176593,2012-05-09T19:10:00.000-07:00,2,11,0.182
453311,176831,2012-05-25T19:10:00.000-07:00,2,16,0.125
453311,176900,2012-05-30T19:15:00.000-07:00,2,17,0.118
453311,176985,2012-06-05T19:05:00.000-07:00,2,19,0.105
453311,177065,2012-06-10T13:05:00.000-07:00,2,20,0.1
457859,3139,2008-03-08T13:05:00.000-08:00,7,16,0.438
457859,3172,2008-03-10T13:05:00.000-07:00,9,20,0.45
457859,5332,2008-08-17T13:10:00.000-07:00,8,22,0.364
457859,5342,2008-08-18T19:10:00.000-07:00,9,25,0.36
457859,5973,2009-02-26T13:05:00.000-08:00,1,3,0.333
457859,6033,2009-03-03T13:05:00.000-08:00,4,8,0.5
457859,8369,2009-08-23T13:07:00.000-07:00,13,42,0.31
457859,8770,2009-09-20T13:38:00.000-07:00,25,92,0.272
457859,8783,2009-09-22T19:07:00.000-07:00,26,95,0.274
457859,8864,2009-09-27T13:07:00.000-07:00,27,98,0.276
457859,8908,2009-09-30T19:10:00.000-07:00,31,104,0.298
457859,8963,2009-10-04T13:35:00.000-07:00,36,115,0.313
457859,9189,2010-03-15T13:05:00.000-07:00,13,26,0.5
457859,9249,2010-03-20T13:05:00.000-07:00,15,37,0.405
457859,9918,2010-05-07T19:10:00.000-07:00,23,77,0.299
457859,9988,2010-05-12T13:35:00.000-07:00,24,85,0.282
457859,5393,2008-08-22T19:05:00.000-07:00,12,36,0.333
457859,3295,2008-03-18T13:05:00.000-07:00,11,27,0.407
457859,3041,2008-03-02T13:05:00.000-08:00,1,4,0.25
457859,3197,2008-03-12T13:05:00.000-07:00,10,22,0.455
457859,3283,2008-03-17T13:05:00.000-07:00,10,23,0.435
457859,5270,2008-08-13T12:10:00.000-07:00,5,14,0.357
457859,5355,2008-08-19T19:10:00.000-07:00,11,29,0.379
457859,5370,2008-08-20T12:10:00.000-07:00,11,31,0.355
457859,5465,2008-08-27T13:40:00.000-07:00,16,47,0.34
457859,5539,2008-09-02T19:07:00.000-07:00,16,53,0.302
457859,5980,2009-02-27T13:05:00.000-08:00,2,5,0.4
457859,6194,2009-03-13T13:05:00.000-07:00,5,15,0.333
457859,6266,2009-03-18T13:05:00.000-07:00,7,21,0.333
457859,6324,2009-03-22T13:05:00.000-07:00,9,28,0.321
457859,10025,2010-05-15T13:07:00.000-07:00,24,89,0.27
457859,8255,2009-08-14T19:38:00.000-07:00,4,13,0.308
457859,8301,2009-08-18T19:07:00.000-07:00,8,25,0.32
457859,8339,2009-08-21T19:07:00.000-07:00,10,34,0.294
457859,8392,2009-08-24T19:07:00.000-07:00,16,46,0.348
457859,8405,2009-08-25T19:07:00.000-07:00,16,50,0.32
457859,8557,2009-09-05T13:07:00.000-07:00,20,68,0.294
457859,8626,2009-09-10T12:37:00.000-07:00,21,78,0.269
457859,8933,2009-10-02T19:05:00.000-07:00,32,107,0.299
457859,9019,2010-03-04T13:05:00.000-08:00,3,6,0.5
457859,9161,2010-03-14T13:05:00.000-07:00,11,22,0.5
457859,9246,2010-03-19T13:05:00.000-07:00,14,33,0.424
457859,9430,2010-03-31T13:05:00.000-07:00,19,52,0.365
457859,9595,2010-04-14T19:07:00.000-07:00,20,57,0.351
457859,9618,2010-04-16T19:07:00.000-07:00,21,61,0.344
457859,9648,2010-04-18T13:07:00.000-07:00,21,66,0.318
457859,9757,2010-04-25T13:40:00.000-07:00,21,69,0.304
457859,9949,2010-05-09T13:05:00.000-07:00,23,81,0.284
457859,3091,2008-03-05T13:15:00.000-08:00,3,10,0.3
457859,10052,2010-05-17T19:07:00.000-07:00,25,93,0.269
457859,8948,2009-10-03T19:05:00.000-07:00,33,111,0.297
457859,9157,2010-03-13T13:05:00.000-08:00,10,19,0.526
457859,3018,2008-03-01T13:05:00.000-08:00,1,3,0.333
457859,3054,2008-03-03T13:05:00.000-08:00,3,8,0.375
457859,5102,2008-08-01T19:10:00.000-07:00,1,3,0.333
457859,5177,2008-08-06T13:40:00.000-07:00,3,9,0.333
457859,5254,2008-08-12T19:10:00.000-07:00,4,11,0.364
457859,5317,2008-08-16T14:55:00.000-07:00,6,18,0.333
457859,5450,2008-08-26T19:10:00.000-07:00,14,44,0.318
457859,5474,2008-08-28T19:05:00.000-07:00,16,50,0.32
457859,5774,2008-09-19T19:10:00.000-07:00,17,62,0.274
457859,5952,2009-02-25T13:05:00.000-08:00,0,2,0.0
457859,6213,2009-03-14T13:05:00.000-07:00,5,16,0.313
457859,6336,2009-03-23T13:05:00.000-07:00,9,31,0.29
457859,3120,2008-03-07T13:05:00.000-08:00,6,14,0.429
457859,5380,2008-08-21T19:05:00.000-07:00,11,32,0.344
457859,6279,2009-03-19T19:15:00.000-07:00,7,23,0.304
457859,8231,2009-08-12T13:05:00.000-07:00,3,9,0.333
457859,8572,2009-09-06T13:07:00.000-07:00,21,71,0.296
457859,8657,2009-09-12T19:05:00.000-07:00,24,87,0.276
457859,8270,2009-08-15T19:08:00.000-07:00,6,17,0.353
457859,8316,2009-08-19T19:07:00.000-07:00,9,29,0.31
457859,8331,2009-08-20T19:07:00.000-07:00,9,32,0.281
457859,8354,2009-08-22T13:07:00.000-07:00,12,38,0.316
457859,8491,2009-08-31T19:05:00.000-07:00,17,59,0.288
457859,8522,2009-09-02T19:05:00.000-07:00,19,62,0.306
457859,8530,2009-09-03T19:07:00.000-07:00,19,65,0.292
457859,8598,2009-09-08T19:07:00.000-07:00,21,74,0.284
457859,8642,2009-09-11T19:05:00.000-07:00,23,83,0.277
457859,9054,2010-03-06T13:05:00.000-08:00,6,10,0.6
457859,9128,2010-03-11T13:05:00.000-08:00,9,17,0.529
457859,9336,2010-03-25T13:05:00.000-07:00,17,42,0.405
457859,9390,2010-03-29T13:05:00.000-07:00,19,50,0.38
457859,9572,2010-04-12T19:20:00.000-07:00,19,54,0.352
457859,9633,2010-04-17T13:07:00.000-07:00,21,65,0.323
457859,9786,2010-04-28T19:07:00.000-07:00,21,71,0.296
457859,9835,2010-05-01T13:07:00.000-07:00,21,74,0.284
457859,8449,2009-08-28T19:10:00.000-07:00,17,57,0.298
457859,8216,2009-08-11T19:05:00.000-07:00,1,4,0.25
457859,9058,2010-03-07T13:05:00.000-08:00,8,13,0.615
457859,9287,2010-03-22T13:05:00.000-07:00,17,39,0.436
457859,5687,2008-09-13T03:33:00.000-07:00,17,59,0.288
457859,9000,2010-03-03T13:05:00.000-08:00,2,3,0.667
457859,9217,2010-03-17T13:05:00.000-07:00,14,30,0.467
457859,9352,2010-03-26T13:05:00.000-07:00,19,46,0.413
457859,3001,2008-02-29T19:05:00.000-08:00,1,2,0.5
457859,3157,2008-03-09T13:05:00.000-07:00,8,17,0.471
457859,5423,2008-08-24T12:35:00.000-07:00,13,40,0.325
457859,6019,2009-03-01T13:05:00.000-08:00,3,6,0.5
457859,6065,2009-03-04T13:05:00.000-08:00,5,10,0.5
457859,6218,2009-03-15T13:05:00.000-07:00,7,18,0.389
457859,6292,2009-03-20T13:05:00.000-07:00,8,25,0.32
457859,8286,2009-08-16T13:38:00.000-07:00,7,21,0.333
457859,8420,2009-08-26T19:07:00.000-07:00,17,54,0.315
457859,9032,2010-03-05T13:05:00.000-08:00,5,8,0.625
457859,9107,2010-03-10T13:05:00.000-08:00,9,14,0.643
457859,3314,2008-03-20T19:05:00.000-07:00,11,28,0.393
457859,5117,2008-08-02T18:10:00.000-07:00,1,4,0.25
457859,5564,2008-09-04T19:07:00.000-07:00,16,54,0.296
457859,5686,2008-09-13T17:05:00.000-07:00,17,60,0.283
457859,6107,2009-03-07T13:05:00.000-08:00,5,12,0.417
457859,6131,2009-03-08T13:05:00.000-07:00,5,13,0.385
457859,6165,2009-03-11T13:05:00.000-07:00,5,14,0.357
457859,6232,2009-03-16T13:05:00.000-07:00,7,19,0.368
457859,8740,2009-09-18T19:38:00.000-07:00,24,88,0.273
457859,9413,2010-03-30T19:05:00.000-07:00,19,51,0.373
457859,9443,2010-04-01T13:05:00.000-07:00,19,53,0.358
460059,10645,2010-06-30T19:10:00.000-07:00,5,31,0.161
460059,11839,2010-09-28T19:10:00.000-07:00,3,34,0.088
460059,13023,2011-05-05T13:10:00.000-07:00,1,16,0.063
460059,13089,2011-05-10T18:40:00.000-07:00,2,19,0.105
460059,2852,2007-09-24T19:10:00.000-07:00,2,13,0.154
460059,7401,2009-06-10T19:10:00.000-07:00,3,26,0.115
460059,3583,2008-04-09T19:10:00.000-07:00,1,6,0.167
460059,6768,2009-04-25T13:10:00.000-07:00,0,11,0.0
460059,4006,2008-05-10T19:30:00.000-07:00,1,16,0.063
460059,4232,2008-05-26T19:10:00.000-07:00,1,22,0.045
460059,5010,2008-07-25T19:10:00.000-07:00,4,32,0.125
460059,7232,2009-05-29T19:10:00.000-07:00,1,21,0.048
460059,10053,2010-05-17T19:10:00.000-07:00,4,17,0.235
460059,11742,2010-09-21T19:10:00.000-07:00,3,32,0.094
460059,12428,2011-03-26T13:10:00.000-07:00,1,5,0.2
460059,12812,2011-04-22T19:10:00.000-07:00,1,12,0.083
460059,6612,2009-04-13T19:10:00.000-07:00,0,9,0.0
460059,8285,2009-08-16T13:10:00.000-07:00,3,29,0.103
460059,8886,2009-09-29T19:05:00.000-07:00,2,32,0.063
460059,9989,2010-05-12T13:10:00.000-07:00,4,14,0.286
460059,1708,2007-07-01T13:35:00.000-07:00,1,12,0.083
460059,2609,2007-09-07T19:10:00.000-07:00,1,9,0.111
460059,6342,2009-03-24T13:05:00.000-07:00,0,5,0.0
460059,6465,2009-04-02T13:10:00.000-07:00,0,6,0.0
460059,6990,2009-05-12T19:10:00.000-07:00,1,18,0.056
460059,7319,2009-06-04T12:35:00.000-07:00,1,23,0.043
460059,7830,2009-07-12T13:10:00.000-07:00,4,29,0.138
460059,12654,2011-04-11T19:10:00.000-07:00,1,9,0.111
460059,9672,2010-04-20T19:10:00.000-07:00,3,9,0.333
460059,2534,2007-09-01T15:55:00.000-07:00,1,7,0.143
460059,2784,2007-09-19T19:05:00.000-07:00,1,11,0.091
460059,3216,2008-03-13T13:05:00.000-07:00,1,2,0.5
460059,3365,2008-03-23T13:10:00.000-07:00,1,4,0.25
460059,3733,2008-04-20T20:05:00.000-07:00,1,11,0.091
460059,389,2007-03-25T13:10:00.000-07:00,0,3,0.0
460059,3911,2008-05-03T12:45:00.000-07:00,1,14,0.071
460059,4163,2008-05-21T19:00:00.000-07:00,1,21,0.048
460059,4301,2008-05-31T15:55:00.000-07:00,1,23,0.043
460059,4372,2008-06-05T19:05:00.000-07:00,1,25,0.04
460059,4604,2008-06-22T13:05:00.000-07:00,1,28,0.036
460059,4752,2008-07-03T19:15:00.000-07:00,2,29,0.069
460059,4822,2008-07-08T19:10:00.000-07:00,3,31,0.097
460059,4941,2008-07-20T13:15:00.000-07:00,4,32,0.125
460059,5082,2008-07-30T19:10:00.000-07:00,4,31,0.129
460059,5166,2008-08-05T19:10:00.000-07:00,4,31,0.129
460059,5227,2008-08-10T13:10:00.000-07:00,4,32,0.125
460059,5300,2008-08-15T19:05:00.000-07:00,4,32,0.125
460059,5361,2008-08-20T19:10:00.000-07:00,5,33,0.152
460059,5435,2008-08-25T19:10:00.000-07:00,5,33,0.152
460059,5581,2008-09-05T19:10:00.000-07:00,5,35,0.143
460059,5733,2008-09-16T19:10:00.000-07:00,5,35,0.143
460059,6060,2009-03-04T13:05:00.000-08:00,0,1,0.0
460059,6214,2009-03-14T13:10:00.000-07:00,0,2,0.0
460059,6848,2009-05-01T19:05:00.000-07:00,1,13,0.077
460059,6933,2009-05-07T19:10:00.000-07:00,1,16,0.063
460059,7075,2009-05-17T17:00:00.000-07:00,1,19,0.053
460059,718,2007-04-20T19:10:00.000-07:00,0,6,0.0
460059,7613,2009-06-26T19:10:00.000-07:00,4,26,0.154
460059,7685,2009-07-01T13:05:00.000-07:00,4,28,0.143
460059,7863,2009-07-17T19:30:00.000-07:00,4,30,0.133
460059,875,2007-05-01T19:10:00.000-07:00,0,8,0.0
460059,945,2007-05-06T13:40:00.000-07:00,0,10,0.0
460059,11402,2010-08-27T19:10:00.000-07:00,2,32,0.063
460059,8416,2009-08-26T19:10:00.000-07:00,3,29,0.103
460059,10190,2010-05-27T19:10:00.000-07:00,5,21,0.238
460059,10261,2010-06-01T19:05:00.000-07:00,5,25,0.2
460059,10355,2010-06-08T19:10:00.000-07:00,5,28,0.179
460059,10715,2010-07-05T19:10:00.000-07:00,5,32,0.156
460059,10779,2010-07-10T16:10:00.000-07:00,4,31,0.129
460059,10940,2010-07-24T13:10:00.000-07:00,3,31,0.097
460059,11014,2010-07-30T19:10:00.000-07:00,2,29,0.069
460059,11093,2010-08-04T19:10:00.000-07:00,2,30,0.067
460059,11169,2010-08-10T19:10:00.000-07:00,3,32,0.094
460059,11307,2010-08-20T19:05:00.000-07:00,3,34,0.088
460059,11475,2010-09-01T19:10:00.000-07:00,2,31,0.065
460059,11545,2010-09-06T13:05:00.000-07:00,1,31,0.032
460059,11677,2010-09-16T19:10:00.000-07:00,3,32,0.094
460059,12352,2011-03-21T13:10:00.000-07:00,0,2,0.0
460059,12523,2011-04-01T19:10:00.000-07:00,1,6,0.167
460059,12731,2011-04-16T03:33:00.000-07:00,1,10,0.1
460059,12925,2011-04-29T19:05:00.000-07:00,1,14,0.071
460059,13168,2011-05-16T19:10:00.000-07:00,2,21,0.095
460059,13343,2011-05-28T19:10:00.000-07:00,2,24,0.083
460059,3666,2008-04-15T19:10:00.000-07:00,1,9,0.111
460059,6542,2009-04-08T19:10:00.000-07:00,0,8,0.0
460059,8199,2009-08-10T18:40:00.000-07:00,3,29,0.103
460059,8503,2009-09-01T18:40:00.000-07:00,3,30,0.1
460059,8567,2009-09-06T13:10:00.000-07:00,4,33,0.121
460059,8652,2009-09-12T16:05:00.000-07:00,4,33,0.121
460059,8741,2009-09-18T19:10:00.000-07:00,4,32,0.125
460059,9290,2010-03-22T13:05:00.000-07:00,0,1,0.0
460059,9384,2010-03-28T13:10:00.000-07:00,1,3,0.333
460059,9615,2010-04-15T13:10:00.000-07:00,3,7,0.429
460059,9915,2010-05-07T19:10:00.000-07:00,3,12,0.25
460059,5868,2008-09-26T19:10:00.000-07:00,4,35,0.114
460059,8349,2009-08-21T19:10:00.000-07:00,3,28,0.107
460059,5501,2008-08-30T19:10:00.000-07:00,5,34,0.147
460059,8084,2009-08-02T13:10:00.000-07:00,4,31,0.129
460059,10575,2010-06-25T19:10:00.000-07:00,5,29,0.172
460059,11920,2010-10-03T13:10:00.000-07:00,3,35,0.086
460059,3798,2008-04-25T19:10:00.000-07:00,1,12,0.083
460059,11244,2010-08-15T20:05:00.000-07:00,3,33,0.091
460059,311,2007-03-20T19:10:00.000-07:00,0,1,0.0
460059,4889,2008-07-13T20:05:00.000-07:00,4,32,0.125
460059,6274,2009-03-19T13:10:00.000-07:00,0,3,0.0
460059,8014,2009-07-28T19:10:00.000-07:00,4,30,0.133
460059,11611,2010-09-11T16:10:00.000-07:00,2,30,0.067
460059,4445,2008-06-11T19:10:00.000-07:00,2,28,0.071
460059,7554,2009-06-21T13:10:00.000-07:00,4,26,0.154
460059,9539,2010-04-09T19:10:00.000-07:00,2,5,0.4
460059,10128,2010-05-22T19:10:00.000-07:00,4,19,0.211
460059,1029,2007-05-12T13:10:00.000-07:00,0,11,0.0
460059,12077,2011-03-05T13:05:00.000-08:00,0,1,0.0
460059,12588,2011-04-06T19:05:00.000-07:00,1,7,0.143
460059,13410,2011-06-02T13:10:00.000-07:00,2,25,0.08
460059,1783,2007-07-06T19:05:00.000-07:00,1,12,0.083
460059,2058,2007-07-28T19:10:00.000-07:00,1,11,0.091
460059,4084,2008-05-15T13:10:00.000-07:00,1,19,0.053
460059,5654,2008-09-10T19:10:00.000-07:00,5,36,0.139
460059,5805,2008-09-21T13:30:00.000-07:00,4,34,0.118
460059,639,2007-04-13T19:10:00.000-07:00,0,5,0.0
460059,7762,2009-07-07T19:10:00.000-07:00,4,27,0.148
460059,7937,2009-07-22T19:05:00.000-07:00,4,30,0.133
460059,8798,2009-09-23T19:10:00.000-07:00,2,30,0.067
460059,13494,2011-06-08T19:10:00.000-07:00,2,26,0.077
460059,13565,2011-06-13T19:05:00.000-07:00,2,28,0.071
460059,13625,2011-06-18T19:10:00.000-07:00,2,30,0.067
460059,13860,2011-07-05T19:10:00.000-07:00,1,28,0.036
460059,13933,2011-07-10T17:05:00.000-07:00,1,30,0.033
460059,13988,2011-07-17T13:10:00.000-07:00,1,29,0.034
460059,14051,2011-07-22T19:10:00.000-07:00,1,29,0.034
460059,14125,2011-07-27T19:10:00.000-07:00,2,32,0.063
460059,14192,2011-08-01T19:10:00.000-07:00,2,32,0.063
460059,14291,2011-08-08T19:10:00.000-07:00,2,31,0.065
460059,14356,2011-08-13T17:10:00.000-07:00,3,33,0.091
460059,14437,2011-08-19T19:10:00.000-07:00,2,29,0.069
460059,14512,2011-08-24T13:05:00.000-07:00,3,31,0.097
460059,14586,2011-08-30T19:10:00.000-07:00,3,31,0.097
460059,14661,2011-09-04T13:35:00.000-07:00,4,32,0.125
460059,14721,2011-09-09T19:10:00.000-07:00,4,32,0.125
460059,14803,2011-09-14T19:10:00.000-07:00,4,32,0.125
460059,14872,2011-09-20T19:15:00.000-07:00,5,34,0.147
460059,176162,2012-04-09T19:10:00.000-07:00,1,2,0.5
460059,176332,2012-04-21T13:10:00.000-07:00,1,6,0.167
460059,176243,2012-04-15T13:35:00.000-07:00,1,4,0.25
485567,6277,2009-03-19T19:05:00.000-07:00,0,2,0.0
485567,12252,2011-03-15T13:05:00.000-07:00,9,34,0.265
485567,12320,2011-03-19T13:05:00.000-07:00,11,41,0.268
485567,12303,2011-03-18T13:05:00.000-07:00,11,39,0.282
485567,6474,2009-04-02T12:05:00.000-07:00,1,5,0.2
485567,9079,2010-03-08T13:05:00.000-08:00,2,7,0.286
485567,11968,2011-02-27T13:05:00.000-08:00,1,2,0.5
485567,13282,2011-05-24T19:05:00.000-07:00,14,48,0.292
485567,12004,2011-03-01T13:05:00.000-08:00,2,8,0.25
485567,3121,2008-03-07T13:05:00.000-08:00,3,11,0.273
485567,12070,2011-03-05T13:05:00.000-08:00,5,17,0.294
485567,12107,2011-03-07T13:05:00.000-08:00,8,22,0.364
485567,12119,2011-03-08T13:05:00.000-08:00,8,24,0.333
485567,12149,2011-03-09T13:05:00.000-08:00,8,27,0.296
485567,12241,2011-03-14T13:05:00.000-07:00,9,30,0.3
485567,3140,2008-03-08T13:05:00.000-08:00,5,14,0.357
485567,3042,2008-03-02T13:05:00.000-08:00,0,2,0.0
485567,3049,2008-03-03T13:10:00.000-08:00,0,4,0.0
485567,6284,2009-03-20T13:05:00.000-07:00,0,3,0.0
485567,11982,2011-02-28T13:05:00.000-08:00,2,5,0.4
485567,12020,2011-03-02T13:05:00.000-08:00,2,10,0.2
485567,12190,2011-03-11T13:05:00.000-08:00,9,29,0.31
485567,13241,2011-05-21T16:05:00.000-07:00,13,46,0.283
485567,9005,2010-03-03T13:05:00.000-08:00,0,1,0.0
485567,9034,2010-03-05T13:05:00.000-08:00,0,2,0.0
485567,9051,2010-03-06T13:05:00.000-08:00,0,3,0.0
485567,12055,2011-03-04T13:05:00.000-08:00,4,13,0.308
485567,12385,2011-03-23T13:05:00.000-07:00,12,42,0.286
485567,13226,2011-05-20T19:05:00.000-07:00,13,43,0.302
485567,3073,2008-03-04T13:05:00.000-08:00,1,5,0.2
485567,3089,2008-03-05T13:10:00.000-08:00,2,6,0.333
485567,9155,2010-03-13T13:05:00.000-08:00,3,10,0.3
485567,9172,2010-03-14T13:10:00.000-07:00,4,11,0.364
485567,12290,2011-03-17T13:05:00.000-07:00,9,35,0.257
485567,13297,2011-05-25T12:05:00.000-07:00,14,50,0.28
485567,9109,2010-03-10T13:05:00.000-08:00,2,8,0.25
485567,9124,2010-03-11T13:05:00.000-08:00,2,9,0.222
485567,13967,2011-07-16T19:05:00.000-07:00,2,11,0.182
485567,13982,2011-07-17T13:35:00.000-07:00,3,14,0.214
485567,13999,2011-07-18T19:10:00.000-07:00,4,20,0.2
485567,13998,2011-07-18T12:10:00.000-07:00,4,17,0.235
485567,14010,2011-07-19T19:10:00.000-07:00,5,23,0.217
485567,14025,2011-07-20T12:10:00.000-07:00,7,27,0.259
485567,14046,2011-07-22T19:05:00.000-07:00,8,30,0.267
485567,14076,2011-07-24T13:05:00.000-07:00,9,32,0.281
485567,14089,2011-07-25T19:05:00.000-07:00,9,35,0.257
485567,14100,2011-07-26T19:05:00.000-07:00,10,37,0.27
485567,14115,2011-07-27T12:05:00.000-07:00,10,41,0.244
485567,14165,2011-07-30T19:05:00.000-07:00,11,44,0.25
485567,14180,2011-07-31T13:05:00.000-07:00,12,45,0.267
485567,14191,2011-08-01T19:10:00.000-07:00,14,49,0.286
485567,14203,2011-08-02T19:10:00.000-07:00,15,52,0.288
485567,14218,2011-08-03T19:10:00.000-07:00,16,55,0.291
485567,14230,2011-08-04T19:10:00.000-07:00,16,60,0.267
485567,14241,2011-08-05T19:05:00.000-07:00,16,66,0.242
485567,14271,2011-08-07T19:05:00.000-07:00,17,69,0.246
485567,14314,2011-08-10T19:05:00.000-07:00,18,78,0.231
485567,14299,2011-08-09T19:05:00.000-07:00,17,73,0.233
485567,14327,2011-08-11T19:05:00.000-07:00,18,82,0.22
485567,14340,2011-08-12T19:05:00.000-07:00,21,86,0.244
485567,14355,2011-08-13T19:05:00.000-07:00,21,89,0.236
485567,14485,2011-08-22T19:05:00.000-07:00,23,93,0.247
485567,14500,2011-08-23T13:05:00.000-07:00,26,98,0.265
485567,45096,2011-08-23T19:05:00.000-07:00,28,103,0.272
485567,14515,2011-08-24T12:05:00.000-07:00,29,107,0.271
485567,14534,2011-08-26T19:05:00.000-07:00,29,108,0.269
485567,14549,2011-08-27T19:05:00.000-07:00,30,111,0.27
485567,14564,2011-08-28T13:05:00.000-07:00,31,114,0.272
485567,14578,2011-08-29T19:05:00.000-07:00,31,116,0.267
485567,14590,2011-08-30T19:05:00.000-07:00,32,117,0.274
485567,14605,2011-08-31T19:05:00.000-07:00,33,122,0.27
485567,14616,2011-09-01T12:05:00.000-07:00,33,127,0.26
485567,14626,2011-09-02T19:10:00.000-07:00,33,130,0.254
485567,14641,2011-09-03T18:10:00.000-07:00,34,132,0.258
485567,14656,2011-09-04T13:10:00.000-07:00,34,137,0.248
485567,14688,2011-09-06T19:05:00.000-07:00,34,140,0.243
485567,14703,2011-09-07T12:05:00.000-07:00,34,144,0.236
485567,14723,2011-09-09T19:10:00.000-07:00,36,148,0.243
485567,14753,2011-09-11T13:10:00.000-07:00,36,149,0.242
485567,14806,2011-09-15T19:05:00.000-07:00,37,152,0.243
485567,14830,2011-09-17T12:10:00.000-07:00,38,156,0.244
485567,14845,2011-09-18T13:10:00.000-07:00,39,160,0.244
485567,137165,2011-09-20T19:05:00.000-07:00,40,164,0.244
485567,14883,2011-09-21T19:05:00.000-07:00,41,165,0.248
485567,14897,2011-09-22T19:05:00.000-07:00,42,167,0.251
485567,14913,2011-09-23T19:05:00.000-07:00,42,170,0.247
485567,14928,2011-09-24T13:05:00.000-07:00,42,174,0.241
485567,150936,2011-09-24T19:05:00.000-07:00,44,178,0.247
485567,14943,2011-09-25T13:05:00.000-07:00,44,182,0.242
485567,14952,2011-09-26T19:05:00.000-07:00,44,185,0.238
485567,14967,2011-09-27T19:05:00.000-07:00,45,189,0.238
485567,14982,2011-09-28T19:05:00.000-07:00,46,193,0.238
485567,175618,2012-03-04T13:05:00.000-08:00,0,2,0.0
485567,175650,2012-03-06T13:05:00.000-08:00,2,6,0.333
485567,175679,2012-03-08T13:05:00.000-08:00,3,9,0.333
485567,175634,2012-03-05T13:05:00.000-08:00,1,3,0.333
489568,255,2007-03-16T13:05:00.000-07:00,0,1,0.0
501807,489,2007-03-31T13:05:00.000-07:00,0,3,0.0
501807,6191,2009-03-13T13:05:00.000-07:00,0,1,0.0
501807,6464,2009-04-02T13:05:00.000-07:00,1,2,0.5
501807,309,2007-03-19T13:05:00.000-07:00,0,1,0.0
518408,9033,2010-03-05T19:05:00.000-08:00,1,5,0.2
518408,9096,2010-03-09T13:05:00.000-08:00,2,12,0.167
518408,12219,2011-03-13T13:05:00.000-07:00,6,21,0.286
518408,12113,2011-03-07T19:05:00.000-08:00,4,15,0.267
518408,12049,2011-03-04T13:05:00.000-08:00,2,7,0.286
518408,9041,2010-03-06T13:05:00.000-08:00,1,7,0.143
518408,9191,2010-03-16T13:05:00.000-07:00,2,15,0.133
518408,11980,2011-02-28T13:05:00.000-08:00,1,2,0.5
518408,12017,2011-03-02T13:05:00.000-08:00,2,5,0.4
518408,12067,2011-03-05T13:05:00.000-08:00,2,8,0.25
518408,12105,2011-03-07T13:05:00.000-08:00,4,14,0.286
518408,12137,2011-03-09T19:05:00.000-08:00,4,18,0.222
518408,12188,2011-03-11T13:05:00.000-08:00,5,20,0.25
518408,9006,2010-03-03T13:05:00.000-08:00,0,1,0.0
518408,9008,2010-03-04T13:05:00.000-08:00,1,3,0.333
518408,9171,2010-03-14T13:05:00.000-07:00,2,14,0.143
518408,9217,2010-03-17T13:05:00.000-07:00,2,16,0.125
518408,9449,2010-04-02T13:05:00.000-07:00,5,21,0.238
518408,12010,2011-03-01T13:05:00.000-08:00,1,3,0.333
518408,9056,2010-03-07T13:05:00.000-08:00,1,9,0.111
518408,9074,2010-03-08T13:05:00.000-08:00,1,10,0.1
518408,12156,2011-03-10T19:05:00.000-08:00,5,19,0.263
518408,12243,2011-03-14T13:05:00.000-07:00,7,22,0.318
518408,12286,2011-03-17T13:05:00.000-07:00,8,25,0.32
518408,9221,2010-03-18T13:05:00.000-07:00,3,17,0.176
518408,9403,2010-03-30T13:05:00.000-07:00,4,19,0.211
518408,12085,2011-03-06T13:05:00.000-08:00,2,9,0.222
518408,12251,2011-03-15T13:05:00.000-07:00,7,24,0.292
518408,9231,2010-03-19T19:05:00.000-07:00,3,18,0.167
518408,13982,2011-07-17T13:35:00.000-07:00,0,3,0.0
518408,14007,2011-07-19T19:05:00.000-07:00,0,7,0.0
518408,14488,2011-08-23T19:10:00.000-07:00,0,11,0.0
518408,14503,2011-08-24T19:10:00.000-07:00,0,12,0.0
518408,14518,2011-08-25T12:10:00.000-07:00,1,15,0.067
518408,14535,2011-08-26T19:05:00.000-07:00,2,19,0.105
518408,14611,2011-08-31T19:05:00.000-07:00,3,21,0.143
518408,14653,2011-09-04T13:40:00.000-07:00,3,25,0.12
518408,14684,2011-09-06T19:05:00.000-07:00,3,27,0.111
518408,14699,2011-09-07T13:05:00.000-07:00,4,33,0.121
518408,14734,2011-09-10T13:07:00.000-07:00,6,38,0.158
518408,14749,2011-09-11T13:07:00.000-07:00,7,41,0.171
518408,14772,2011-09-12T19:05:00.000-07:00,7,45,0.156
518408,14801,2011-09-14T19:05:00.000-07:00,9,49,0.184
518408,14812,2011-09-16T19:05:00.000-07:00,9,52,0.173
518408,14827,2011-09-17T19:05:00.000-07:00,9,54,0.167
518408,14842,2011-09-18T13:35:00.000-07:00,9,57,0.158
518408,14859,2011-09-19T13:05:00.000-07:00,10,61,0.164
518408,134524,2011-09-19T19:10:00.000-07:00,12,65,0.185
518408,14882,2011-09-21T19:10:00.000-07:00,12,69,0.174
518408,14920,2011-09-24T19:05:00.000-07:00,13,72,0.181
518408,14935,2011-09-25T13:05:00.000-07:00,13,76,0.171
518408,14949,2011-09-26T19:05:00.000-07:00,14,79,0.177
518408,175657,2012-03-06T13:05:00.000-08:00,0,2,0.0
518408,175669,2012-03-07T13:05:00.000-08:00,0,3,0.0
518408,175979,2012-03-27T13:05:00.000-07:00,0,4,0.0
518408,176024,2012-03-30T13:05:00.000-07:00,2,8,0.25
518408,176040,2012-03-31T13:10:00.000-07:00,3,10,0.3
518614,11761,2010-09-22T19:05:00.000-07:00,1,4,0.25
518614,11771,2010-09-23T12:35:00.000-07:00,5,9,0.556
518614,12061,2011-03-04T13:05:00.000-08:00,3,11,0.273
518614,12116,2011-03-07T13:05:00.000-08:00,4,13,0.308
518614,12291,2011-03-17T13:05:00.000-07:00,7,29,0.241
518614,12590,2011-04-06T12:45:00.000-07:00,17,60,0.283
518614,12689,2011-04-13T18:40:00.000-07:00,20,68,0.294
518614,12883,2011-04-26T19:05:00.000-07:00,25,89,0.281
518614,12948,2011-04-30T13:10:00.000-07:00,27,101,0.267
518614,13132,2011-05-13T19:10:00.000-07:00,35,136,0.257
518614,13200,2011-05-18T19:15:00.000-07:00,36,145,0.248
518614,13265,2011-05-22T13:10:00.000-07:00,38,158,0.241
518614,13275,2011-05-23T19:05:00.000-07:00,40,162,0.247
518614,13306,2011-05-25T15:35:00.000-07:00,44,170,0.259
518614,13332,2011-05-27T18:40:00.000-07:00,45,175,0.257
518614,9095,2010-03-09T13:05:00.000-08:00,5,9,0.556
518614,11829,2010-09-27T19:15:00.000-07:00,6,18,0.333
518614,13094,2011-05-10T19:05:00.000-07:00,33,124,0.266
518614,11861,2010-09-29T12:40:00.000-07:00,7,26,0.269
518614,11910,2010-10-03T13:15:00.000-07:00,9,34,0.265
518614,12009,2011-03-01T13:05:00.000-08:00,1,6,0.167
518614,12151,2011-03-09T13:05:00.000-08:00,4,17,0.235
518614,12246,2011-03-15T13:05:00.000-07:00,6,25,0.24
518614,12987,2011-05-03T19:15:00.000-07:00,29,109,0.266
518614,13147,2011-05-14T16:10:00.000-07:00,35,140,0.25
518614,13215,2011-05-19T12:45:00.000-07:00,36,147,0.245
518614,6384,2009-03-27T13:05:00.000-07:00,0,1,0.0
518614,11817,2010-09-26T13:20:00.000-07:00,6,15,0.4
518614,12045,2011-03-03T13:10:00.000-08:00,1,8,0.125
518614,12329,2011-03-19T13:05:00.000-07:00,11,35,0.314
518614,12349,2011-03-20T13:05:00.000-07:00,13,39,0.333
518614,12441,2011-03-26T13:05:00.000-07:00,14,46,0.304
518614,12454,2011-03-27T13:05:00.000-07:00,15,49,0.306
518614,12540,2011-04-02T15:10:00.000-07:00,15,51,0.294
518614,12630,2011-04-09T19:05:00.000-07:00,18,64,0.281
518614,12674,2011-04-12T18:40:00.000-07:00,18,66,0.273
518614,12704,2011-04-14T19:10:00.000-07:00,21,71,0.296
518614,12752,2011-04-17T13:10:00.000-07:00,21,74,0.284
518614,12797,2011-04-20T19:15:00.000-07:00,22,80,0.275
518614,12816,2011-04-22T19:15:00.000-07:00,22,83,0.265
518614,12911,2011-04-28T19:05:00.000-07:00,25,94,0.266
518614,12930,2011-04-29T19:35:00.000-07:00,26,98,0.265
518614,13019,2011-05-05T12:45:00.000-07:00,30,117,0.256
518614,13109,2011-05-11T19:05:00.000-07:00,33,126,0.262
518614,13116,2011-05-12T13:20:00.000-07:00,33,131,0.252
518614,13362,2011-05-29T13:10:00.000-07:00,46,183,0.251
518614,13416,2011-06-03T19:15:00.000-07:00,51,197,0.259
518614,13446,2011-06-05T13:15:00.000-07:00,52,203,0.256
518614,9244,2010-03-19T13:05:00.000-07:00,6,11,0.545
518614,9283,2010-03-22T13:05:00.000-07:00,7,15,0.467
518614,11844,2010-09-28T19:15:00.000-07:00,7,22,0.318
518614,12972,2011-05-02T19:15:00.000-07:00,27,106,0.255
518614,13003,2011-05-04T19:15:00.000-07:00,30,113,0.265
518614,13188,2011-05-17T19:15:00.000-07:00,35,142,0.246
518614,13250,2011-05-21T13:10:00.000-07:00,36,153,0.235
518614,13291,2011-05-24T19:05:00.000-07:00,43,167,0.257
518614,12405,2011-03-24T13:10:00.000-07:00,13,42,0.31
518614,11731,2010-09-20T15:10:00.000-07:00,0,1,0.0
518614,11802,2010-09-25T12:05:00.000-07:00,6,13,0.462
518614,11894,2010-10-02T12:10:00.000-07:00,7,30,0.233
518614,11984,2011-02-28T13:05:00.000-08:00,1,3,0.333
518614,12171,2011-03-10T13:05:00.000-08:00,5,19,0.263
518614,12229,2011-03-13T13:10:00.000-07:00,6,23,0.261
518614,12232,2011-03-14T13:05:00.000-07:00,6,24,0.25
518614,12267,2011-03-16T13:05:00.000-07:00,6,26,0.231
518614,12491,2011-03-29T13:05:00.000-07:00,15,50,0.3
518614,12555,2011-04-03T13:15:00.000-07:00,16,54,0.296
518614,12657,2011-04-11T18:40:00.000-07:00,18,65,0.277
518614,12965,2011-05-01T13:35:00.000-07:00,27,103,0.262
518614,13052,2011-05-07T15:10:00.000-07:00,31,120,0.258
518614,13235,2011-05-20T19:10:00.000-07:00,36,149,0.242
518614,13347,2011-05-28T17:10:00.000-07:00,46,179,0.257
518614,13391,2011-05-31T18:09:00.000-07:00,46,186,0.247
518614,13406,2011-06-01T19:15:00.000-07:00,49,191,0.257
518614,13411,2011-06-02T19:15:00.000-07:00,50,193,0.259
518614,13431,2011-06-04T15:10:00.000-07:00,51,199,0.256
518614,9053,2010-03-06T13:05:00.000-08:00,2,3,0.667
518614,9081,2010-03-08T13:05:00.000-08:00,3,5,0.6
518614,9245,2010-03-19T19:05:00.000-07:00,6,13,0.462
518614,13037,2011-05-06T19:15:00.000-07:00,30,118,0.254
518614,12313,2011-03-18T13:05:00.000-07:00,9,31,0.29
518614,9395,2010-03-29T13:05:00.000-07:00,9,17,0.529
518614,12796,2011-04-20T13:15:00.000-07:00,21,76,0.276
518614,12181,2011-03-11T13:05:00.000-08:00,5,20,0.25
518614,12736,2011-04-16T19:10:00.000-07:00,21,72,0.292
518614,12848,2011-04-24T19:05:00.000-07:00,22,86,0.256
518614,12614,2011-04-08T13:35:00.000-07:00,18,61,0.295
518614,12202,2011-03-12T13:05:00.000-08:00,6,21,0.286
518614,9017,2010-03-04T13:10:00.000-08:00,2,2,1.0
518614,9059,2010-03-07T13:05:00.000-08:00,3,4,0.75
518614,9384,2010-03-28T13:10:00.000-07:00,8,16,0.5
518614,12121,2011-03-08T13:05:00.000-08:00,4,14,0.286
518614,12387,2011-03-23T13:05:00.000-07:00,13,40,0.325
518614,12562,2011-04-04T19:15:00.000-07:00,16,55,0.291
518614,12575,2011-04-05T19:15:00.000-07:00,16,56,0.286
518614,13376,2011-05-30T15:15:00.000-07:00,46,185,0.249
518614,9441,2010-04-01T12:05:00.000-07:00,9,18,0.5
518614,13482,2011-06-07T19:05:00.000-07:00,53,206,0.257
518614,13497,2011-06-08T19:05:00.000-07:00,53,207,0.256
518614,13510,2011-06-09T19:05:00.000-07:00,53,206,0.257
518614,13525,2011-06-10T19:10:00.000-07:00,54,206,0.262
518614,13540,2011-06-11T18:10:00.000-07:00,55,209,0.263
518614,13580,2011-06-14T19:05:00.000-07:00,53,208,0.255
518614,13608,2011-06-16T19:05:00.000-07:00,52,208,0.25
518614,13616,2011-06-17T19:15:00.000-07:00,53,210,0.252
518614,13631,2011-06-18T18:15:00.000-07:00,53,208,0.255
518614,13646,2011-06-19T13:15:00.000-07:00,53,209,0.254
518614,13675,2011-06-21T19:15:00.000-07:00,54,210,0.257
518614,13690,2011-06-22T19:15:00.000-07:00,54,210,0.257
518614,13698,2011-06-23T19:15:00.000-07:00,54,211,0.256
518614,13713,2011-06-24T19:15:00.000-07:00,54,212,0.255
518614,13728,2011-06-25T18:15:00.000-07:00,56,215,0.26
518614,13743,2011-06-26T13:15:00.000-07:00,55,214,0.257
518614,13789,2011-06-30T19:05:00.000-07:00,50,205,0.244
518614,13805,2011-07-01T19:10:00.000-07:00,50,206,0.243
518614,13820,2011-07-02T19:10:00.000-07:00,51,209,0.244
518614,13835,2011-07-03T13:40:00.000-07:00,51,208,0.245
518614,13854,2011-07-05T18:09:00.000-07:00,50,205,0.244
518614,13869,2011-07-06T19:15:00.000-07:00,53,208,0.255
518614,13881,2011-07-07T19:15:00.000-07:00,53,209,0.254
518614,13894,2011-07-08T19:15:00.000-07:00,55,211,0.261
518614,13976,2011-07-16T19:10:00.000-07:00,54,206,0.262
518614,13991,2011-07-17T13:10:00.000-07:00,54,207,0.261
518614,14018,2011-07-19T19:10:00.000-07:00,54,204,0.265
518614,14033,2011-07-20T19:10:00.000-07:00,55,208,0.264
518614,14042,2011-07-21T12:10:00.000-07:00,56,210,0.267
518614,14055,2011-07-22T19:05:00.000-07:00,56,210,0.267
518614,14070,2011-07-23T19:05:00.000-07:00,56,211,0.265
518614,14085,2011-07-24T13:35:00.000-07:00,55,210,0.262
518614,14092,2011-07-25T19:15:00.000-07:00,55,211,0.261
518614,14107,2011-07-26T19:15:00.000-07:00,57,213,0.268
518614,14122,2011-07-27T19:15:00.000-07:00,57,215,0.265
518614,14135,2011-07-28T19:15:00.000-07:00,57,217,0.263
518614,14146,2011-07-29T19:15:00.000-07:00,57,220,0.259
518614,14161,2011-07-30T15:10:00.000-07:00,56,217,0.258
518614,14176,2011-07-31T19:05:00.000-07:00,57,220,0.259
518614,14197,2011-08-01T19:10:00.000-07:00,57,218,0.261
518614,14210,2011-08-02T19:10:00.000-07:00,60,222,0.27
518614,14225,2011-08-03T13:10:00.000-07:00,60,220,0.273
518614,14234,2011-08-04T19:10:00.000-07:00,61,223,0.274
518614,14250,2011-08-05T19:10:00.000-07:00,58,224,0.259
518614,14265,2011-08-06T19:10:00.000-07:00,61,228,0.268
518614,14280,2011-08-07T13:10:00.000-07:00,61,227,0.269
518614,14302,2011-08-09T19:15:00.000-07:00,59,221,0.267
518614,14336,2011-08-12T19:15:00.000-07:00,57,214,0.266
518614,14386,2011-08-15T19:05:00.000-07:00,56,206,0.272
518614,14400,2011-08-16T19:05:00.000-07:00,55,205,0.268
518614,14416,2011-08-17T19:05:00.000-07:00,56,206,0.272
518614,14472,2011-08-21T19:05:00.000-07:00,55,199,0.276
518614,14481,2011-08-22T19:15:00.000-07:00,54,197,0.274
518614,14495,2011-08-23T19:15:00.000-07:00,54,194,0.278
518614,14510,2011-08-24T13:15:00.000-07:00,54,198,0.273
518614,14552,2011-08-27T15:10:00.000-07:00,54,196,0.276
518614,14567,2011-08-28T13:15:00.000-07:00,54,195,0.277
518614,14594,2011-08-30T19:10:00.000-07:00,55,190,0.289
518614,14618,2011-09-01T15:10:00.000-07:00,51,185,0.276
518614,14655,2011-09-04T13:15:00.000-07:00,49,181,0.271
518614,14692,2011-09-06T19:15:00.000-07:00,47,173,0.272
518614,14707,2011-09-07T19:15:00.000-07:00,48,172,0.279
518614,14748,2011-09-11T13:15:00.000-07:00,45,164,0.274
518614,14771,2011-09-12T19:05:00.000-07:00,45,161,0.28
518614,14785,2011-09-13T19:05:00.000-07:00,48,162,0.296
518614,14800,2011-09-14T12:35:00.000-07:00,47,161,0.292
518614,14824,2011-09-16T19:05:00.000-07:00,46,159,0.289
518614,14864,2011-09-19T19:05:00.000-07:00,44,157,0.28
518614,14899,2011-09-22T12:45:00.000-07:00,43,155,0.277
518614,14922,2011-09-24T12:10:00.000-07:00,43,152,0.283
518614,14937,2011-09-25T13:15:00.000-07:00,43,151,0.285
518614,14960,2011-09-26T19:05:00.000-07:00,43,150,0.287
518614,14975,2011-09-27T19:05:00.000-07:00,43,150,0.287
518614,14990,2011-09-28T19:05:00.000-07:00,43,148,0.291
518614,175991,2012-03-28T13:05:00.000-07:00,3,7,0.429
518614,176161,2012-04-09T19:10:00.000-07:00,6,29,0.207
518614,176172,2012-04-10T19:10:00.000-07:00,7,33,0.212
518614,176188,2012-04-11T12:35:00.000-07:00,8,36,0.222
518614,176204,2012-04-13T14:15:00.000-07:00,9,40,0.225
518614,175636,2012-03-05T13:05:00.000-08:00,0,1,0.0
518614,175681,2012-03-08T13:05:00.000-08:00,3,6,0.5
518614,176028,2012-03-30T13:05:00.000-07:00,3,15,0.2
518614,176220,2012-04-14T12:05:00.000-07:00,10,43,0.233
518614,176236,2012-04-15T13:15:00.000-07:00,10,46,0.217
518614,176262,2012-04-17T19:15:00.000-07:00,11,49,0.224
518614,176295,2012-04-19T12:45:00.000-07:00,11,52,0.212
518614,176427,2012-04-28T12:05:00.000-07:00,14,65,0.215
518614,176443,2012-04-29T13:15:00.000-07:00,14,66,0.212
518614,176493,2012-05-02T19:15:00.000-07:00,15,70,0.214
518614,175675,2012-03-07T13:05:00.000-08:00,2,5,0.4
518614,176013,2012-03-29T13:05:00.000-07:00,3,11,0.273
518614,176046,2012-03-31T13:05:00.000-07:00,5,19,0.263
518614,176118,2012-04-06T15:10:00.000-07:00,6,23,0.261
518614,176132,2012-04-07T15:05:00.000-07:00,6,26,0.231
518614,176317,2012-04-20T19:05:00.000-07:00,12,56,0.214
518614,176333,2012-04-21T19:05:00.000-07:00,13,59,0.22
518614,176375,2012-04-24T19:05:00.000-07:00,13,60,0.217
518614,176391,2012-04-25T13:20:00.000-07:00,14,64,0.219
518614,175529,2011-10-05T17:00:00.000-07:00,39,135,0.289
518614,175383,2011-10-20T19:05:00.000-07:00,32,122,0.262
518614,175580,2011-10-27T19:05:00.000-07:00,33,118,0.28
518614,175551,2011-10-12T19:05:00.000-07:00,37,130,0.285
518614,175555,2011-10-14T19:05:00.000-07:00,37,130,0.285
518614,170476,2011-10-01T17:00:00.000-07:00,41,144,0.285
518614,175540,2011-10-07T20:30:00.000-07:00,39,136,0.287
518614,175558,2011-10-16T19:05:00.000-07:00,34,124,0.274
518614,176606,2012-05-11T19:15:00.000-07:00,16,77,0.208
518614,176622,2012-05-12T18:15:00.000-07:00,17,78,0.218
518614,176638,2012-05-13T13:15:00.000-07:00,17,79,0.215
518614,176654,2012-05-14T18:05:00.000-07:00,17,80,0.213
518614,176790,2012-05-22T19:15:00.000-07:00,20,90,0.222
518614,176815,2012-05-24T19:15:00.000-07:00,20,91,0.22
518614,176828,2012-05-25T19:15:00.000-07:00,21,92,0.228
518614,176844,2012-05-26T18:15:00.000-07:00,21,95,0.221
518614,176578,2012-05-08T18:40:00.000-07:00,16,76,0.211
518614,176716,2012-05-17T12:45:00.000-07:00,18,84,0.214
518614,176731,2012-05-18T19:10:00.000-07:00,18,85,0.212
518614,176763,2012-05-20T17:00:00.000-07:00,20,88,0.227
518614,176535,2012-05-05T18:05:00.000-07:00,16,72,0.222
518614,176860,2012-05-27T13:15:00.000-07:00,22,99,0.222
518614,176881,2012-05-28T13:10:00.000-07:00,24,104,0.231
518614,176897,2012-05-29T19:10:00.000-07:00,25,107,0.234
518614,176913,2012-05-30T19:10:00.000-07:00,26,110,0.236
518614,176949,2012-06-02T16:10:00.000-07:00,28,114,0.246
518614,176965,2012-06-03T20:05:00.000-07:00,28,115,0.243
518614,176972,2012-06-04T13:10:00.000-07:00,28,118,0.237
518614,176986,2012-06-05T19:05:00.000-07:00,28,122,0.23
518614,177002,2012-06-06T19:05:00.000-07:00,29,126,0.23
518614,177016,2012-06-07T19:05:00.000-07:00,29,127,0.228
518614,177038,2012-06-09T18:15:00.000-07:00,30,130,0.231
518614,177054,2012-06-10T13:15:00.000-07:00,31,134,0.231
518614,177093,2012-06-13T19:15:00.000-07:00,31,137,0.226
518614,177106,2012-06-14T19:15:00.000-07:00,33,140,0.236
518614,177124,2012-06-15T19:15:00.000-07:00,33,143,0.231
518614,177156,2012-06-17T13:15:00.000-07:00,31,143,0.217
518614,177185,2012-06-19T19:05:00.000-07:00,33,146,0.226
518614,177201,2012-06-20T19:05:00.000-07:00,34,149,0.228
518614,177210,2012-06-21T13:05:00.000-07:00,35,152,0.23
518614,177223,2012-06-22T19:10:00.000-07:00,36,153,0.235
518614,177239,2012-06-23T13:10:00.000-07:00,37,157,0.236
518614,177255,2012-06-24T13:10:00.000-07:00,38,160,0.238
518614,177270,2012-06-25T19:10:00.000-07:00,38,164,0.232
543006,12417,2011-03-25T19:05:00.000-07:00,0,1,0.0
543006,9133,2010-03-12T13:05:00.000-08:00,0,1,0.0
543006,9148,2010-03-13T13:05:00.000-08:00,1,2,0.5
543006,9394,2010-03-29T19:05:00.000-07:00,2,3,0.667
571716,12012,2011-03-01T13:05:00.000-08:00,0,1,0.0
571716,12073,2011-03-05T13:05:00.000-08:00,0,2,0.0
572033,11981,2011-02-28T13:05:00.000-08:00,0,2,0.0
572033,9044,2010-03-06T13:05:00.000-08:00,2,2,1.0
572033,12107,2011-03-07T13:05:00.000-08:00,0,4,0.0
572033,175989,2012-03-28T13:10:00.000-07:00,1,1,1.0
592518,12381,2011-03-23T19:05:00.000-07:00,0,1,0.0
592518,12447,2011-03-27T13:05:00.000-07:00,0,2,0.0
592518,175640,2012-03-05T19:05:00.000-08:00,0,1,0.0
592518,175680,2012-03-08T13:05:00.000-08:00,1,2,0.5
